name,group,element,units,context,S13946,S13947,S13948,S13949,S13950,S13951,S13952,S13953,S13954,S13955,S13956,S13957,S13958,S13959,S13960,S13961,S13962,S13963,S13964,S13965,S13966,S13967,S13968,S13969,S13970,S13971,S13972,S13973,S13974,S13975,S13976,S13977,S13978,S13979,S13980,S13981,S13982,S13983,S13984,S13985,S13986,S13987,S13988,S13989,S13990,S13991,S13992,S13993,S13994,S13995,S13996,S13997,S13998,S13999,S14000,S14001,S14002,S14003,S14004,S14005,S14006,S14007,S14008,S14009,S14010,S14011,S14012,S14013,S14014,S14015,S14016,S14017,S14018,S14019,S14020,S14021,S14022,S14023,S14024,S14025,S14026,S14027,S14028,S14029,S14030,S14031,S14032,S14033,S14034,S14035,S14036,S14037,S14038,S14039,S14040,S14041,S14042,S14043,S14044,S14045,S14046,S14047,S14048,S14049,S14050,S14051,S14052,S14053,S14054,S14055,S14056,S14057,S14058,S14059,S14060,S14061,S14062,S14063,S14064,S14065,S14066,S14067
AnalysisUnitName,,,,,,,,,,,,,,,,,,,,,,,,,,,,,,,,,,,,,,,,,,,,,,,,,,,,,,,,,,,,,,,,,,,,,,,,,,,,,,,,,,,,,,,,,,,,,,,,,,,,,,,,,,,,,,,,,,,,,,,,,,,,,,
Depth,,,,,0.5,2,9,16,19.5,22.5,31,39,46.5,54.5,62,69,76.5,83.5,90.5,97.5,104.5,111,117.5,124,130.5,137,143,149,154,160,164,169,174,179,184,189,194,199,204,209,214,219,224,229,234,239,244,249,259,263,268,273,278,283,288,293,298,303,308,313,318,330,334,339,344,349,354,359,364,369,374,379,384,389,394,399,404,409,414,419,430,434,439,444,449,454,459,464,469,474,479,484,489,494,499,504,509,514,519,524,535,540,544,550,554,560,564,568,570,574,578,580,584,588,590,596,598,600,602,603,608,613,618,623,628,633
Thickness,,,,,1,1,1,1,1,1,1,1,1,1,1,1,1,1,1,1,1,1,1,1,1,1,1,1,1,1,1,1,1,1,1,1,1,1,1,1,1,1,1,1,1,1,1,1,1,1,1,1,1,1,1,1,1,1,1,1,1,1,1,1,1,1,1,1,1,1,1,1,1,1,1,1,1,1,1,1,1,1,1,1,1,1,1,1,1,1,1,1,1,1,1,1,1,1,1,1,1,1,1,1,1,1,1,1,1,1,1,1,1,1,1,1,1,1,1,1,1,1,1,1,1,1
Sample Name,,,,,,,,,,,,,,,,,,,,,,,,,,,,,,,,,,,,,,,,,,,,,,,,,,,,,,,,,,,,,,,,,,,,,,,,,,,,,,,,,,,,,,,,,,,,,,,,,,,,,,,,,,,,,,,,,,,,,,,,,,,,,,
Sample ID,,,,,13946,13947,13948,13949,13950,13951,13952,13953,13954,13955,13956,13957,13958,13959,13960,13961,13962,13963,13964,13965,13966,13967,13968,13969,13970,13971,13972,13973,13974,13975,13976,13977,13978,13979,13980,13981,13982,13983,13984,13985,13986,13987,13988,13989,13990,13991,13992,13993,13994,13995,13996,13997,13998,13999,14000,14001,14002,14003,14004,14005,14006,14007,14008,14009,14010,14011,14012,14013,14014,14015,14016,14017,14018,14019,14020,14021,14022,14023,14024,14025,14026,14027,14028,14029,14030,14031,14032,14033,14034,14035,14036,14037,14038,14039,14040,14041,14042,14043,14044,14045,14046,14047,14048,14049,14050,14051,14052,14053,14054,14055,14056,14057,14058,14059,14060,14061,14062,14063,14064,14065,14066,14067
Neotoma 1,Calibrated radiocarbon years BP,,,,22/-4/-41,34/5/-33,93/46/-1,127/87/42,142/107/69,168/134/103,399/241/145,564/351/198,702/450/262,831/559/338,943/662/419,1044/758/499,1155/859/590,1250/953/670,1343/1048/755,1439/1144/850,1538/1239/940,1617/1328/1030,1699/1418/1123,1785/1508/1216,1864/1597/1314,1941/1684/1427,2013/1767/1533,2084/1849/1648,2158/1936/1751,2266/2060/1852,2315/2145/1958,2450/2254/2044,2621/2355/2119,2759/2456/2194,2895/2557/2265,3013/2657/2337,3131/2761/2414,3244/2862/2494,3356/2964/2581,3462/3065/2682,3572/3167/2776,3671/3272/2875,3763/3380/2990,3850/3483/3092,3937/3585/3186,4028/3688/3297,4121/3794/3415,4201/3897/3537,4356/4100/3806,4408/4183/3932,4516/4287/4030,4660/4388/4106,4796/4490/4195,4916/4593/4276,5046/4698/4368,5161/4802/4458,5266/4907/4554,5364/5012/4653,5458/5117/4757,5555/5222/4866,5644/5325/4991,5838/5574/5300,5885/5654/5432,6015/5779/5552,6218/5914/5651,6420/6056/5736,6592/6202/5842,6742/6343/5947,6890/6488/6074,7029/6636/6231,7162/6780/6367,7281/6921/6513,7379/7068/6681,7470/7206/6859,7555/7343/7067,7664/7487/7278,7910/7630/7376,8120/7770/7461,8305/7913/7574,8465/8055/7683,8798/8373/7941,8898/8497/8066,9025/8641/8210,9138/8782/8372,9238/8928/8553,9331/9072/8747,9427/9209/8958,9540/9334/9107,9648/9453/9234,9745/9570/9449,9930/9699/9540,10123/9827/9602,10302/9958/9678,10457/10090/9779,10601/10219/9870,10716/10346/9980,10837/10474/10096,10948/10607/10235,11057/10738/10352,11146/10866/10507,11333/11152/10868,11566/11305/11014,11734/11431/11147,11959/11614/11305,12083/11738/11407,12292/11924/11548,12386/12047/11673,12486/12171/11801,12552/12234/11844,12613/12355/12000,12679/12476/12168,12723/12536/12230,12768/12660/12515,12990/12795/12631,13178/12862/12653,13475/13063/12769,13568/13133/12807,13680/13202/12833,13740/13272/12891,13778/13307/12914,13981/13481/13045,14180/13653/13181,14380/13825/13326,14567/13998/13479,14745/14168/13653,14921/14342/13821
PalEON-STEPPS,Calibrated radiocarbon years BP,,,,33/3/-25,43/8/-21,123/26/-15,147/54/-1,172/67/2,174/69/2,195/85/13,587/186/36,785/296/77,979/427/146,1137/557/208,1261/673/261,1369/791/349,1479/910/451,1610/1026/535,1708/1166/663,1814/1285/793,1905/1398/883,1988/1521/1013,2061/1627/1137,2147/1723/1248,2196/1823/1405,2249/1911/1557,2289/1998/1706,2347/2124/1921,2631/2314/2015,2661/2389/2168,2760/2496/2241,2975/2617/2339,3385/2715/2396,3549/2839/2456,3785/2952/2484,3897/3067/2596,3979/3187/2633,4061/3299/2711,4169/3407/2767,4237/3531/2845,4323/3643/2899,4383/3743/2998,4445/3859/3075,4493/3958/3224,4558/4062/3315,4620/4167/3504,4702/4286/3612,4799/4503/3957,4836/4580/4209,4882/4685/4445,5061/4799/4513,5303/4883/4543,5476/4967/4606,5622/5065/4658,5737/5161/4729,5809/5257/4787,5876/5358/4873,5954/5470/4948,6017/5583/5044,6086/5694/5126,6231/5946/5431,6250/6004/5674,6305/6096/5847,6536/6218/5964,6976/6308/6009,7137/6459/6089,7289/6612/6128,7399/6752/6248,7522/6895/6315,7606/7048/6465,7715/7200/6541,7799/7360/6765,7879/7556/6863,7935/7672/7230,7992/7785/7591,8146/7912/7722,8506/8008/7760,8696/8159/7841,8973/8305/7892,9373/8666/8061,9419/8805/8169,9528/8981/8247,9591/9144/8459,9663/9328/8588,9719/9460/8924,9799/9598/9182,9863/9662/9318,9968/9695/9420,10047/9727/9527,10155/9759/9614,10260/9857/9663,10528/9960/9685,10664/10076/9760,10841/10191/9797,10943/10318/9882,11064/10455/9928,11129/10593/10066,11196/10744/10134,11253/10871/10287,11359/11141/10743,11431/11265/10910,11607/11381/11059,12078/11553/11155,12149/11700/11354,12431/11894/11448,12487/12025/11559,12602/12159/11611,12713/12223/11633,12740/12352/11802,12779/12494/11928,12828/12563/11969,12843/12655/12278,12864/12751/12559,12903/12811/12621,13419/12959/12744,13630/13010/12757,13844/13060/12769,13892/13145/12827,13925/13187/12841,14163/13371/12897,14394/13550/12999,14545/13737/13080,14692/13913/13235,14849/14111/13354,14991/14272/13576
COHMAP chron 2,Radiocarbon years BP,,,,--/--/--,--/27/--,--/122/--,--/217/--,--/259/--,--/303/--,--/436/--,--/554/--,--/657/--,--/774/--,--/892/--,--/995/--,--/1098/--,--/1201/--,--/1304/--,--/1407/--,--/1510/--,--/1613/--,--/1701/--,--/1804/--,--/1893/--,--/1996/--,--/2084/--,--/2174/--,--/2249/--,--/2339/--,--/2399/--,--/2480/--,--/2565/--,--/2649/--,--/2734/--,--/2819/--,--/2903/--,--/2988/--,--/3072/--,--/3157/--,--/3242/--,--/3326/--,--/3411/--,--/3495/--,--/3580/--,--/3665/--,--/3749/--,--/3834/--,--/4003/--,--/4071/--,--/4153/--,--/4233/--,--/4313/--,--/4394/--,--/4474/--,--/4554/--,--/4634/--,--/4715/--,--/4795/--,--/4875/--,--/4955/--,--/5148/--,--/5212/--,--/5327/--,--/5464/--,--/5601/--,--/5739/--,--/5876/--,--/6013/--,--/6151/--,--/6288/--,--/6425/--,--/6563/--,--/6700/--,--/6837/--,--/6977/--,--/7120/--,--/7263/--,--/7407/--,--/7550/--,--/7865/--,--/7980/--,--/8123/--,--/8267/--,--/8410/--,--/8553/--,--/8688/--,--/8810/--,--/8932/--,--/9054/--,--/9176/--,--/9298/--,--/9421/--,--/9543/--,--/9665/--,--/9787/--,--/9909/--,--/10031/--,--/10139/--,--/10239/--,--/10459/--,--/10559/--,--/10653/--,--/10852/--,--/10986/--,--/11185/--,--/11318/--,--/11451/--,--/11518/--,--/11651/--,--/11784/--,--/11851/--,--/11984/--,--/12117/--,--/12183/--,--/12383/--,--/12450/--,--/12516/--,--/12583/--,--/12616/--,--/12782/--,--/12949/--,--/13115/--,--/13282/--,--/13448/--,--/13614/--
Abies,TRSH,pollen,NISP,,,,,,,,,1,,1,,,1,,,2,1,,,,,,,1,,1,,,,,,,,,,,,1,,,,,,,,,,,,,,,,,,1,1,,,,,1,,,,,,,,,,,,1,1,,,1,,,,1,1,,1,,,2,1,1,,1,24,9,20,29,44,68,20,25,24,16,26,13,23,26,30,22,16,18,14,2,5,1,5,2,1,,1,3,3,
Acer,TRSH,pollen,NISP,,5,5,2,1,5,1,12,4,2,3,5,,1,1,8,4,1,5,2,2,6,3,15,2,2,6,2,3,3,11,,2,8,3,4,7,5,3,2,5,1,11,1,3,2,3,3,5,5,2,7,10,4,10,15,8,11,14,18,33,24,49,29,30,35,31,21,29,25,25,11,25,12,39,17,21,23,34,25,19,40,29,17,20,32,12,34,41,19,25,27,19,82,13,5,5,11,4,6,4,3,2,3,,2,5,,3,2,4,2,,2,2,3,,4,1,6,13,15,2
Alnus,TRSH,pollen,NISP,,5,1,8,6,4,11,20,6,11,8,7,9,3,4,12,5,8,9,8,4,5,9,12,9,8,13,4,5,8,12,11,6,7,9,7,9,7,5,4,9,6,10,5,7,9,12,12,7,7,8,9,9,7,1,11,5,5,6,4,6,4,9,4,6,5,2,3,2,4,5,5,3,,8,,6,1,5,4,2,7,1,5,1,3,4,3,4,5,4,4,2,10,2,4,7,8,5,4,24,19,12,15,8,10,11,10,14,4,6,3,2,1,1,5,2,4,3,2,9,6,3
Amaranthaceae undiff.,UPHE,pollen,NISP,,13,15,10,8,4,3,9,6,,2,6,6,1,1,3,3,1,1,2,4,,7,11,2,1,6,9,5,3,5,3,4,6,2,4,4,4,4,5,4,4,5,9,3,6,4,14,4,4,9,9,5,8,6,7,7,6,16,8,7,2,19,5,8,6,6,5,7,1,5,8,8,8,23,5,11,6,9,7,11,9,11,3,5,5,2,5,3,2,3,2,5,5,,2,,2,2,2,3,1,3,8,5,2,3,3,7,3,3,7,2,1,1,4,1,,2,2,,2,3
Ambrosia-type,UPHE,pollen,NISP,,153,230,182,101,77,32,49,32,32,8,41,9,9,11,7,17,16,9,9,10,10,19,27,14,9,10,14,19,14,29,19,14,11,15,17,13,12,13,14,12,14,21,29,24,31,18,48,19,22,25,17,18,14,26,32,16,25,27,16,14,12,22,9,11,19,19,20,13,24,15,27,23,30,57,28,27,20,17,19,9,27,23,20,9,31,19,10,9,6,7,8,4,12,5,1,1,3,3,2,7,4,5,4,12,7,7,5,18,12,10,38,14,13,20,30,20,10,17,15,21,8,1
Amorpha-type,UPHE,pollen,NISP,,,,,,,,,,,,,1,,1,,1,,,,1,,1,,,,,,,,,,,,,1,,,,,,,,,,,,,,,,,,,,,,,,,,,,,1,,1,,,,,,,,,,,,,,,,,,,,,,,,,,,,,,,,,,,,,,,,,,,,,,,,,,,,,,,,
Angiospermae undiff. (herbs),UPHE,pollen,NISP,,,,2,,,1,3,,1,,2,,,,,,,2,,1,1,,1,2,,2,,,,,,2,,2,,,,,1,1,3,2,1,,1,1,3,,3,2,,2,,,1,1,,2,,2,,,,3,1,2,,,2,3,4,2,3,3,2,,2,,,1,,,1,,,1,,,,1,1,1,,1,,,1,,,,,2,2,,,1,,1,2,,5,2,,3,1,2,,,1,,,3
Apiaceae,UPHE,pollen,NISP,,2,1,,,,,,,,,,,1,,1,,,,,,1,,1,1,,,1,,,1,1,,,,1,,,,1,,2,,,,,1,1,,,,1,1,,1,2,,,,1,,,,,1,1,,,1,1,2,,,,2,,1,1,,,,,,,,,,1,,,,,,2,,,,,,,,,,1,,1,1,1,1,,,,,,,,,1,,,1,,1
Artemisia,UPHE,pollen,NISP,,5,6,2,6,12,8,15,4,7,9,9,11,7,8,11,8,10,15,12,15,6,14,12,9,12,11,13,7,7,20,11,7,14,7,11,8,12,6,4,6,19,23,11,10,12,8,24,12,18,20,15,8,7,8,15,11,10,13,6,9,7,18,5,5,8,3,6,8,9,11,5,7,8,25,10,12,4,9,3,9,15,11,6,9,8,6,7,7,4,7,6,3,13,2,3,6,5,11,11,32,19,28,22,26,19,33,27,39,18,27,47,17,26,15,42,15,13,24,21,15,14,5
Asteraceae undiff.,UPHE,pollen,NISP,,4,4,1,3,7,5,16,5,7,2,3,7,8,5,10,8,4,8,1,9,4,6,17,3,6,8,6,5,2,14,7,5,5,11,2,8,7,3,6,7,4,17,5,11,9,9,20,5,5,13,7,4,6,9,12,10,,9,3,3,3,5,5,3,5,5,4,2,4,4,,4,7,15,6,4,3,4,2,2,3,2,6,4,1,1,3,,1,3,2,,6,,1,1,2,3,1,11,10,6,5,6,3,8,1,10,5,11,9,4,1,4,19,11,4,3,6,9,3,1
Betula,TRSH,pollen,NISP,,16,22,25,16,33,19,60,24,29,29,34,21,36,32,32,37,38,32,35,23,32,25,65,23,30,24,32,26,25,53,22,20,14,25,24,18,19,15,11,13,12,40,11,17,9,15,33,9,11,16,7,9,10,6,14,8,4,3,4,4,9,7,4,7,5,4,2,4,3,2,4,4,3,16,6,16,5,7,7,7,17,13,6,11,10,7,13,13,30,6,19,45,289,120,144,110,123,80,86,188,55,86,69,52,78,49,35,32,17,16,6,3,6,6,4,1,1,2,7,3,3,1
Cannabaceae sensu stricto,UPHE,pollen,NISP,,4,,,,1,,1,1,,,,,,,,1,,,,,,,1,,,,,,1,,,1,,,,,1,,,,,,,,,,1,,,,,,,,,,,,,,,,,,,,1,,,,,,,,,,,,,,,,1,,,,,,,,,,,,,,,,,4,1,1,,2,,1,1,4,3,1,13,2,5,6,1,2,2,4,,1,2,
Caprifoliaceae sensu lato,TRSH,pollen,NISP,,,1,,,,,,,1,,,,,,,,,,,,,,,,,,,,,,,,,,1,,,,,,,4,,,,,2,,,,2,,,,1,,,,,,,1,,,,,,,,,,,,2,,,,,,,1,,,,,,,,,,,,,,,,,,,,,,,,,,,2,,,,,1,,,,,,,,,
Carya,TRSH,pollen,NISP,,10,10,9,9,8,6,23,10,14,9,19,13,14,25,14,18,18,10,12,9,23,5,25,11,7,10,5,4,12,18,8,14,9,8,8,7,8,20,12,8,10,14,3,6,4,2,6,4,2,1,2,4,1,1,9,4,5,4,13,12,13,19,8,7,18,13,19,13,15,13,10,8,19,13,27,9,17,10,16,11,27,18,10,14,20,11,15,12,22,13,7,5,18,4,1,,4,1,,,2,,,,,,,1,4,1,5,2,3,,4,,,,,,,
Castanea,TRSH,pollen,NISP,,,,,,,,,1,,,1,,,,2,1,1,,,,,1,,,,,,,,,,,,,,,,,,,,2,,,,,2,,,,,,,,,,,,,,,,,,,,,,,,,,,,,,,,,,,,,,,,,,,,,,,,,,,,,,,,,,,,,,,,,,,,,,,,,,,
Celtis,TRSH,pollen,NISP,,2,,,,,2,,,,,1,1,,,1,,,,,,,,,1,,,,,,2,,1,,,1,,,1,,,,,,1,,,,1,,,,,,1,,,1,2,2,,,,,,3,2,,1,2,,7,,,1,3,,,,,,1,1,2,,2,1,3,,3,3,4,2,3,,,3,1,,3,,1,,,,,,,1,1,2,3,4,1,1,2,,1,,,,,
Cornus,TRSH,pollen,NISP,,,,,,,,,,,,,,,,,,,,,,,,,,,,,,,,,,,,,,,,,,,,,,,,,,1,,,,,,,,,,,,1,,,,,,1,,,,,,,,,,,,,,,,,,,,,,,,,,,,,,,,,,,1,,,,,,,,,,,2,,,,,,,,,
Corylus,TRSH,pollen,NISP,,3,,2,2,,2,3,1,2,1,4,,2,1,,1,1,1,1,1,,,5,,3,1,,1,1,1,,2,1,1,1,2,,,2,3,3,3,2,,,,1,2,1,1,,1,2,1,2,1,1,,4,2,,3,1,2,1,3,1,2,3,2,4,4,1,8,3,1,4,4,1,,9,1,2,2,1,4,4,4,2,3,5,2,14,4,6,16,7,14,13,12,7,5,6,4,8,6,9,14,29,23,10,2,5,3,1,1,,,,3,,
Cupressaceae,TRSH,pollen,NISP,,12,12,12,6,2,17,19,2,11,6,10,6,6,9,9,6,13,4,4,3,10,2,14,4,6,8,5,4,5,14,6,6,6,14,3,31,8,7,8,8,3,31,5,6,19,6,28,15,11,15,18,26,4,18,24,13,9,5,17,5,8,15,4,2,5,7,6,16,5,3,9,2,3,17,3,10,3,8,6,3,6,1,1,2,2,1,3,,2,1,1,5,21,1,2,2,,2,5,11,11,1,4,6,4,2,8,7,1,6,11,11,11,3,11,7,9,17,19,35,39,10
Cyperaceae,UPHE,pollen,NISP,,11,9,14,13,6,16,39,7,15,5,18,10,19,15,16,20,15,11,18,15,19,25,32,13,16,23,16,23,15,42,17,27,21,32,20,12,20,17,23,36,20,47,19,23,13,18,64,32,13,21,22,17,18,13,27,15,10,11,10,10,9,24,16,9,8,8,4,6,7,8,6,17,8,29,10,6,17,5,7,8,19,7,1,5,10,9,11,1,4,5,6,3,22,10,40,20,13,22,25,36,71,31,33,31,37,26,19,42,24,20,60,49,24,20,20,24,27,34,85,36,42,37
Ephedra,TRSH,pollen,NISP,,,,,,,,,,,,,1,,,,,1,,,,,,,,,,,,,1,,,,,,,,,,,,,,,,,1,,,,1,,,,,,,,,,,,,,,,,,,1,,,1,,,,3,,,,,3,,,1,,,,,,,,,,,,,,,,,,,2,1,,,,,,1,,,,,,,,,,,
Ericaceae,TRSH,pollen,NISP,,,,,,,,,,,,,,,,,,,,,,,,,,,,,,,1,,,,,,,,,,,,,,,,,,1,,,,,,,,,,,,,,,,,,,,,,,,,,,,,,,,,,,,,,,,,,,,,,,,,,,,1,,,,,,,,,,,,,1,,,,,,,,,
Fabaceae undiff.,UPHE,pollen,NISP,,,2,,,1,1,,,,,1,,,,,,,,1,,,,1,,,,,1,,1,1,,,,,,,,1,,,,1,,1,1,,,,1,,,,,,,,1,,,1,,,,,,,1,,,1,,,,,,,,,,,,,,,,,1,,,,,,,,,,,,,,,,,,,,1,,,,,,,,,,,,,,
Fagus,TRSH,pollen,NISP,,1,,1,,,,8,1,1,3,1,2,2,2,5,,6,,1,1,3,3,8,2,3,,1,2,,1,,,,1,2,1,,1,1,,2,1,2,,2,1,1,,,,2,1,,1,2,,1,1,,2,1,1,2,1,2,,1,1,,,,,,,,,,,1,1,,,,1,,,2,,,,,,,,,,,,,,,,,,,,,,,,,,,,,,,,,,,
Fraxinus,TRSH,pollen,NISP,,7,19,6,8,7,17,38,7,16,14,12,5,5,4,10,4,13,5,8,11,9,4,16,12,12,12,8,16,5,16,14,16,11,11,8,16,20,21,7,7,14,16,15,13,13,12,15,14,12,9,7,12,12,15,22,6,12,10,13,5,11,22,17,8,6,10,16,10,8,12,16,7,10,20,12,11,11,9,7,17,32,14,11,10,25,8,18,25,27,27,13,90,535,132,83,159,117,74,47,99,35,20,26,29,18,24,21,43,101,111,170,117,88,92,146,94,100,71,93,62,68,8
Ilex,TRSH,pollen,NISP,,,,,,,,,2,,,,,1,,,,,,,,,,,,,,,,,,,,,,,,,,,,,,,,1,,1,,,,,,,,,,1,,,1,,,2,,2,,,,,,,,,,,,,,,,,,,,,,,,,,,,,,,,,,,,,,,,,,,,,,,,,,,,,,,,,
Indeterminable,UNID,pollen/spore,NISP,,7,13,15,5,8,10,10,4,10,6,6,10,4,3,4,5,3,4,6,6,3,9,16,4,9,5,4,6,8,9,4,4,6,1,9,22,9,2,3,5,6,16,12,7,15,10,29,13,5,6,7,6,7,7,10,1,5,3,4,6,2,7,3,5,4,4,1,1,3,4,5,4,6,11,2,2,1,7,2,2,7,2,1,1,2,1,1,1,9,4,,2,8,4,4,2,1,1,1,8,8,2,5,5,3,2,5,8,2,4,9,6,5,2,3,3,8,6,11,12,17,23
IsoÃ«tes,AQVP,spore,NISP,,21,47,28,47,54,61,81,39,55,65,60,53,49,42,64,66,89,113,116,147,135,122,472,218,136,95,72,70,57,199,76,150,193,103,115,73,82,42,53,74,93,173,88,68,168,195,308,150,133,159,234,112,131,88,217,226,159,159,114,122,72,213,59,45,24,40,27,41,45,45,59,69,82,188,119,112,79,143,109,57,122,176,128,3,,,,,1,,1,,,,,,1,,,,,,,,,,,,,,1,,,,,,,,,,,
Iva,UPHE,pollen,NISP,,,2,,2,,,,1,3,,1,,1,,,,,,1,,,,1,1,1,1,,,,1,1,,1,1,,,,1,1,1,1,,1,1,2,,1,1,1,1,,,1,2,3,2,3,1,1,,1,2,1,,,,,,1,1,2,4,2,1,2,2,2,2,1,,2,,,1,1,,,,,,,,,,,,,,,,,,2,,,,,,,1,,1,,1,,,1,,2,,,
Juglans,TRSH,pollen,NISP,,5,3,5,4,2,1,12,5,4,6,6,3,3,2,,4,1,2,1,4,4,3,9,5,2,3,2,3,1,6,,4,3,1,8,6,5,4,9,5,2,6,9,2,5,2,9,3,8,6,7,6,5,5,10,4,3,4,11,9,6,6,6,2,12,6,6,3,6,6,7,5,2,8,3,4,7,8,3,6,10,8,3,3,3,2,7,9,11,9,7,10,24,7,1,2,,3,1,,1,1,,,1,,,,,1,1,1,1,,,,,,,1,,
Larix,TRSH,pollen,NISP,,,,,,,2,1,,1,,,,,1,1,2,1,,4,,,,1,,,,,,,,,1,,1,,1,,,,,1,1,,,,2,,,,,,,1,,2,,,1,,,1,1,,1,1,,,,,1,1,,,,1,,1,3,,,1,1,3,,1,2,,2,3,1,1,2,4,1,4,2,1,3,3,9,3,10,6,1,2,1,4,3,4,3,6,4,3,4,3,4,4,3,4,6,9,5
Liquidambar,TRSH,pollen,NISP,,,,,,,,,1,,,,,,,,,,,,,,,,,,,1,,,,,,,,,1,,,,,,,,,,,,,1,,,,,,,,,,,,,,,,,1,1,,,,,,,,1,,,,,,,,,,,,,,,,,,,,,,,,,,,,,,,,,,,,,,,,,,,,,,,
Morus,TRSH,pollen,NISP,,,1,1,,,,,,,,,,,1,,,,,,,,2,2,,,,,,,,,,1,,,,1,,1,,,,1,,,,1,,,,,1,,1,2,,,,,,,,1,,,1,,,,3,,,,,1,,,,,2,,,,,,,,1,1,,3,,6,,,,1,,,,,,,,,,,,,,,,,,,,,,,,,
Myriophyllum,AQVP,pollen,NISP,,,1,,,,,,,,,,,,,,,,,,,,,,,,,,,,,,,,,,,,,,,,,,,,,,,,,,,,,,,,,,,,,,,,,,,,,1,,,,,,,,,,,,,,,,,,,,,,,,,,,,,,,,,,,,,2,,,,,,,,,,,,,,
Nuphar,AQVP,pollen,NISP,,,,,,,,,,,,,,,,,,,,,,,,,,,,,,,,,,,,,,,,,,,,,,1,,1,,,,,,,,,,,,,,,,,,,,,,,,,,,,,,,,,,,,,,,1,,,,,,1,,,,,,,,1,,,,,,,,,,,,,,,,,,,,,,
Ostrya/Carpinus,TRSH,pollen,NISP,,5,5,5,5,6,9,28,7,7,6,9,3,6,6,3,5,6,2,2,8,5,8,20,14,7,3,3,2,3,24,6,10,13,8,9,9,15,4,3,5,18,13,7,7,6,6,13,6,15,4,9,12,17,13,19,16,10,28,38,51,35,91,34,48,91,66,60,80,63,57,34,39,38,59,44,40,43,47,56,63,75,37,44,28,54,36,87,64,79,71,51,47,78,10,9,7,10,22,34,43,15,24,20,16,17,12,21,18,41,41,43,20,22,18,29,14,15,18,6,13,9,5
Pediastrum,ALGA,colony,NISP,,38,49,50,36,21,18,115,66,32,19,52,51,23,19,11,17,31,38,39,49,29,108,162,39,104,343,278,530,297,782,242,265,569,299,346,93,130,115,74,98,98,168,100,52,55,54,111,51,43,75,31,75,51,50,113,62,26,30,50,44,36,54,40,49,43,59,58,53,35,32,19,36,46,159,45,36,37,31,35,43,80,42,26,53,74,42,35,19,13,17,13,60,55,32,23,56,40,12,28,237,42,90,109,239,49,30,47,72,16,54,65,57,58,44,96,84,48,46,26,55,7,2
Picea,TRSH,pollen,NISP,,1,2,1,1,,1,3,1,,,2,,,1,,1,1,1,,1,1,1,,,1,,2,1,,2,2,1,,1,1,2,1,1,1,,,2,2,1,,1,3,,1,1,1,2,1,1,2,1,,,,,,2,,,1,,,,1,3,2,2,1,1,1,,,,,,1,2,,,,2,,3,2,,3,2,35,12,15,38,30,43,69,169,129,191,169,155,188,200,247,139,127,113,496,162,196,218,528,233,264,204,181,200,225,172
Pinus subg. Pinus,TRSH,pollen,NISP,,5,4,3,3,7,5,12,6,4,4,11,14,13,11,11,8,7,8,10,4,8,9,13,5,5,2,3,3,4,6,7,4,8,9,7,4,3,4,7,4,10,17,6,6,13,11,17,8,8,7,7,24,17,6,18,8,7,3,5,11,7,21,6,10,11,5,10,9,9,12,8,14,10,39,26,13,16,15,23,19,40,27,31,20,25,28,47,30,29,28,46,42,135,66,47,91,87,78,82,65,4,3,3,4,1,1,2,2,1,,3,,2,,1,2,,1,,,1,1
Pinus subg. Strobus,TRSH,pollen,NISP,,6,8,14,21,18,33,58,20,38,28,33,36,32,31,28,21,43,28,22,28,30,19,54,21,20,30,32,18,39,66,43,29,33,41,25,31,29,17,33,27,19,56,30,32,29,27,49,32,28,23,25,32,29,41,50,31,20,41,27,27,34,49,27,22,32,21,22,22,25,24,33,20,14,62,22,58,21,32,33,23,83,21,34,30,51,34,54,49,52,31,13,5,12,,2,,,1,4,2,,,1,2,,1,,,,,,,,,1,1,,,,,1,
Pinus undiff.,TRSH,pollen,NISP,,20,27,29,23,38,34,92,37,35,37,45,55,44,45,40,55,49,40,21,54,39,52,96,50,41,42,43,38,37,83,29,39,40,29,42,29,40,31,19,40,46,74,52,37,38,51,84,45,49,44,48,38,59,33,77,26,38,24,49,30,35,52,22,29,37,20,22,25,19,20,37,37,35,98,49,52,51,49,52,45,83,49,65,53,104,59,104,63,63,84,50,48,132,121,55,84,66,60,40,58,5,6,6,6,6,6,3,2,1,2,2,,2,3,3,4,2,4,4,3,3,8
Plantago,UPHE,pollen,NISP,,1,,,1,,,,,,,,,,,,,,,,,,,,,,,,,,,,,,,,,,,,,,,,,,,,,,,,,,,,,,,,,,,,,,,,,,,,,,,,,,,,1,,,,,,,,,,,,,,,,,,,,,,,,,,,,,,,,,,,,,3,,,,,
Platanus,TRSH,pollen,NISP,,1,,,3,4,5,8,9,3,4,8,8,2,5,1,5,5,11,5,6,3,5,19,7,8,1,3,3,3,12,5,3,2,4,6,8,9,4,7,5,6,10,6,5,1,4,16,9,5,1,2,11,3,4,22,6,5,5,4,1,8,12,7,3,4,6,2,2,5,7,6,3,4,6,4,5,3,3,2,5,13,6,3,2,4,1,2,3,8,3,2,2,1,1,,,,,,2,,1,,1,1,,,1,,,1,,1,,2,1,1,2,,,,
Poaceae,UPHE,pollen,NISP,,24,54,40,33,28,11,25,18,16,18,28,14,23,20,21,24,33,28,24,28,19,24,45,27,13,31,35,36,29,62,33,36,22,32,25,25,18,21,19,27,39,82,43,41,37,44,89,44,23,31,33,27,34,36,71,37,24,28,19,24,14,46,31,14,15,11,10,12,11,14,15,11,8,42,9,15,10,10,8,6,20,7,11,19,12,8,12,3,4,8,4,13,32,11,4,9,6,7,5,27,15,11,30,54,22,25,13,19,11,17,30,28,17,22,60,16,19,49,27,21,20,6
Populus,TRSH,pollen,NISP,,1,4,2,,8,6,18,7,,2,2,12,,9,3,4,4,3,4,2,1,1,1,6,2,,1,,6,4,,7,,2,2,1,6,,3,3,,5,1,1,3,,2,,1,,1,5,2,2,3,7,,2,1,3,6,12,5,3,1,6,6,4,5,11,4,7,4,12,10,3,3,2,14,18,19,25,7,14,6,16,4,20,20,13,10,31,113,15,7,37,23,58,69,187,116,36,131,46,83,64,55,72,219,162,215,86,87,76,157,89,96,54,16,80,13,20
Potamogetonaceae,AQVP,pollen,NISP,,3,2,3,1,,,2,1,,1,2,,,1,1,,,,,,,,1,,,1,,3,,2,,,1,2,1,,2,1,3,,,,1,1,,1,3,,5,,2,1,2,,5,,1,3,,,1,3,2,1,,2,1,2,2,,1,5,1,8,2,1,2,1,,1,3,2,1,1,1,,2,2,,1,,,4,,,,,1,4,,1,2,1,3,,3,4,5,6,4,7,12,3,1,2,7,3,,1,1,1,6
Quercus,TRSH,pollen,NISP,,172,275,183,210,305,259,601,261,287,303,348,286,318,262,238,269,279,258,308,248,271,243,537,252,321,273,247,257,260,483,251,231,265,219,247,240,238,324,330,306,225,470,230,233,226,252,417,253,233,227,261,207,251,255,522,266,265,228,214,206,210,414,187,220,265,173,182,171,190,243,241,193,213,325,176,145,158,167,161,175,453,190,178,184,174,182,271,157,271,163,184,262,586,65,43,60,59,31,29,92,30,23,26,29,26,32,31,37,35,30,60,40,40,34,60,26,30,19,17,27,21,10
Rhamnaceae/Vitaceae,TRSH,pollen,NISP,,2,1,,,3,1,,1,,3,1,1,,,1,2,3,2,1,,,,7,2,,,1,1,,7,,1,,,1,,1,,,,,3,2,1,2,1,1,1,,1,1,2,,,1,1,,,,,,,,,,1,1,,2,1,,3,,2,,1,1,,,1,3,,,,1,,,,,,1,,,,,,,,,,,,,,,,,,,,,,,,,,1,1,,,,
Rhus,TRSH,pollen,NISP,,,,2,,,,1,,,,,,,,,1,,,,,,,,,,,,,,,,,,,,,,,,,,,,,,,,,,,,,,,,,,,,,,,,,,,,,,,,,,,,,,,,,1,,,,,,,,,,,,,,,,,,,,,,,,,,,,,,,,,,,,,,,,,
Rosaceae,UPHE,pollen,NISP,,1,1,1,1,,1,,,,,1,,,,,,1,,,,,,,,1,,1,,1,,1,,,,,,,,2,,1,,,,,,1,,,,,,,,1,,,,1,,,,,1,,,,2,,,,,1,,,,,,,,,,,,1,,,,,1,,1,2,1,1,,,1,,2,2,2,,1,,,,,2,1,,,,,,,1,2,,4,2,1
Rumex,UPHE,pollen,NISP,,2,5,6,2,1,,,,,,2,,,,,,,,,,,,,,,,,,,,,,,,,,,,,,,,,,,,,,,,1,,1,,,,,,,,,,,,,,,,,,,,,,,,,,,,,,,1,,,1,,,1,,,,,,,,,,,,,,,1,,,,,,,,,,,,,,,1,,1
Sagittaria,AQVP,pollen,NISP,,,,,,,,,,,,,1,1,,,,,,,,,,,,,,,,,,,,,,,1,,,,1,,1,,1,,2,1,1,,,2,,,,,1,2,,,,1,,,,,,,,,,,,,,,,,,,,,,,,,,,,,,,,,,,,,,,,,,,,,,,,,1,,,,,,,,,,,,
Salix,TRSH,pollen,NISP,,1,1,1,1,7,2,4,6,4,,5,5,1,2,2,2,3,1,1,1,3,6,5,1,2,2,7,4,4,3,4,3,4,2,5,6,4,2,3,6,6,9,6,3,3,2,7,2,6,6,2,1,1,4,5,1,5,3,2,,2,2,,1,2,4,,5,1,4,1,6,7,9,3,4,7,3,2,5,5,1,5,1,3,2,1,,1,,,,1,1,6,3,5,2,2,15,9,8,8,9,15,17,10,17,12,13,11,10,12,10,11,7,7,17,7,12,2,4
Sarcobatus vermiculatus,TRSH,pollen,NISP,,,,,1,1,,,1,,,,,1,,,,,,,,,,2,,,,,1,,,,,,1,,,,,,,2,,,1,1,,,1,1,,,,,,,2,1,2,1,1,,2,,1,,,,,,,,,1,1,,,,,1,1,1,,,,,1,,,,,,,,1,,,,,2,,,1,1,,,1,,1,2,1,1,,,,1,,,,,,,
Sparganium-type,AQVP,pollen,NISP,,,,,,,,,,1,,,,,,,,,,,,1,,,,,,,,2,,,,,1,,,,1,,,,,,,4,,1,1,1,,,,1,,2,1,1,,2,1,,1,,,,,,,,,,,,3,,,,1,,,,2,,,,,,,,,,,,,,,,,3,,,,,,,,,2,,,,,,,2,,,,,1,,
Thalictrum,UPHE,pollen,NISP,,,1,,,3,1,3,1,,,1,,,,1,1,1,,,,,,6,,2,,,1,2,1,1,,1,,,,,,,,,1,,,1,,1,1,,1,,,,1,,,,,1,,,,,,,,1,,,,,,1,3,,2,,,,,1,,,,,,,,,,1,,1,,1,1,,,3,2,3,5,4,4,2,1,3,6,1,5,11,4,4,3,7,5,1,2,,,1,1
Tilia,TRSH,pollen,NISP,,1,2,3,2,2,,2,1,1,,3,2,1,,1,1,,1,,,1,1,6,3,,,,2,1,1,1,2,,,2,5,4,1,,2,,2,1,2,2,2,5,,1,,1,2,,1,3,1,2,4,5,9,7,11,6,8,12,4,8,5,4,4,9,5,4,15,2,13,4,6,4,9,18,7,18,4,15,11,20,11,5,12,9,3,7,1,,,,,,3,,,,,,,,2,,,,,,,,,,,,,,
Tsuga,TRSH,pollen,NISP,,1,1,1,2,7,1,6,6,4,4,2,3,1,4,3,4,6,4,4,3,3,5,5,2,1,,2,2,2,1,,1,,,,,,,,,,1,,,,,,,,,,1,2,,1,,1,,,1,,,,,,,,,,,,,,,,,,,,,,,,,1,,,,,,,,,,,,,,,,,,,,1,,,,,,,,,,,,,,,,,
Typha latifolia,AQVP,pollen,NISP,,,1,,,,,1,,1,,,,1,,,2,,,,,,,3,2,,,2,1,1,,,3,,1,,,1,,,,1,3,,,,1,1,,1,,1,,,,1,,,,,1,,,,,1,1,,,,,,1,,1,,1,,,,1,,,,,,,,,2,,,1,1,1,,2,,,1,,,,1,,,1,,,1,,,,,1,1,,,,2,,1,
Ulmus,TRSH,pollen,NISP,,13,20,19,19,18,9,18,11,10,8,13,6,7,2,8,7,4,10,13,10,16,11,37,14,15,9,8,10,12,20,10,11,17,14,11,15,15,17,9,19,17,29,12,11,13,13,23,8,18,17,15,20,10,22,40,21,21,34,41,65,77,144,81,72,80,78,109,72,73,65,55,52,49,92,58,74,69,67,61,58,129,49,83,71,97,92,136,176,175,129,72,115,408,113,67,86,44,49,27,60,15,12,15,26,12,12,11,13,29,21,19,16,5,9,11,9,2,3,4,1,6,5
Unknown (monolete),UNID,spore,NISP,,5,2,3,1,5,5,4,3,6,4,8,4,5,2,5,4,5,3,4,2,,3,7,5,3,3,4,,1,1,3,1,3,1,3,2,2,3,,3,4,11,4,1,5,7,12,3,,3,3,4,2,2,4,1,3,1,8,1,,6,1,1,4,2,,2,3,2,3,2,1,7,1,3,2,2,5,1,5,3,5,2,4,2,1,2,2,1,2,,15,2,4,4,9,5,5,17,9,6,7,12,7,7,5,7,10,11,11,21,12,7,17,14,6,6,10,12,7,1
Unknown (trilete),UNID,spore,NISP,,2,5,5,6,4,6,6,1,7,1,3,8,5,8,3,9,8,6,5,6,4,3,23,11,6,7,7,5,2,8,4,9,7,8,4,6,6,7,3,7,11,11,6,8,7,3,8,5,8,14,4,10,9,7,13,10,6,6,6,6,1,8,1,6,,1,2,2,3,3,8,5,1,19,5,10,1,5,1,3,8,11,4,6,4,11,17,9,8,5,4,7,31,9,7,3,5,3,8,14,6,8,7,12,7,6,8,2,4,9,12,7,1,1,10,6,2,4,5,7,7,16
Urticaceae,UPHE,pollen,NISP,,1,2,5,2,,2,2,,1,,1,,1,,3,,,,,1,1,,,,,,,2,,2,1,,,,1,3,,1,,3,,1,,2,3,,1,,,,2,,2,1,1,,,3,,,,1,,,1,,,4,1,,,,1,1,1,,,,,,1,,1,,,1,2,1,,1,,2,2,1,,2,,4,,1,7,,,,3,1,1,1,1,3,2,1,2,,4,3,2,,3,2,1,1
